Name,PracticalNote
Alan Werlen Souza,100
Alex Santos de Oliveira,100
Anderson Fer Ribeiro Silva,100
Anderson Gomes Andrade,100
Breno Rafael Rocha,100
Caio Guilherme Lisboa de Oliveira,100
Carlos Henrique Carvalho da Silva,100
Daniel Souza da Fonseca,100
Felipe Gustavo Gomes Rodrigues,100
Guilherme Balog Gardino,100
Gustavo da Silva Moraes,100
Higor Vital da Silva Sant Anna,100
Joao Henrique Queiroz de Carvalho,100
Joao Paulo Dias de Almeida,100
Joeliton da Silva Vieira,100
Jorge Paulo da Silva Junior,100
Larissa Feliciana da Silva Britto,100
Lucas da Silva Barbosa,100
Matheus Lisboa Cardoch Valdes,100
Mauro Felipe Oliveira Costa,100
Paulo Batista da Cruz Junior,100
Pedro Henrique Wilfride de Lima Boussiengui,100
Rafael Augusto Botelho Perez,100
Rubem Morais Novelino Ferraz,100
Thadeu Ivson Albuquerque Oliveira,100
Thiago Jacinto Silva dos Santos,100
Victor Vinicius Pinheiro,100
Felipe Silva Araujo,95.5
Hans Newton Fonseca Cantanhede,95.5
Hellyan Alves de Oliveira,95.5
Hernandes Carneiro Macedo,95.5
Joao Vitor da Silva Gomes,95.5
Jonathan Kelvin de Jesus Santos,95.5
Juan Carlos Lima dos Santos,95.5
Kenad Wanderson Araujo Silva,95.5
Pedro Costa Barros,95.5
Anselmo Mauricio Junior,95
Daniel Hespanhol Vieira,95
Davi Antonio da Silva Santos,95
Draylson Micael de Souza,95
Laudivan Freire de Almeida,95
Marton Paulo dos Santos Silva,95
Charline Barboza Rocha,94.67
Elane Santos Pereira,94.67
Felipe dos Santos Souza Junior,94.67
Fernando Antonio Alves,94.67
Francisco Daniel Coutinho Medeiros,94.67
Francisco Wermeson Pereira dos Reis,94.67
Gustavo Freire da Silva,94.67
Jefferson Leandro da Silva,94.67
Leandro Soares Neves,94.67
Renan Guedes de Pinho,94.67
Yanisley Mora Ritchie,94.67
Yuri Matheus Barboza de Oliveira,94.67
Iglos Silva do Livramento,94
Alexandre Brito Cardias Junior,92.5
Antonio Luis Sombra de Medeiros,92.5
Caio Lima Potter,92.5
Carlos Henrique Silva Bispo Rodrigues,92.5
Cassiano Medeiros Vieira Junior,92.5
Cristiano Lima Sobrinho,92.5
Fernando Bernardes de Souza,92.5
Igor Paladino Gomes da Costa,92.5
Josenildo Vicente de Araujo,92.5
Luan Vasco Cavalcante,92.5
Salumao Barbosa da Costa,92.5
Tiago Matos Santos,92.5
Victor Daniel Gaia Santos dos Santos,92.5
Alysson Rafael Oliveira de Lima,92
Charles de Figueredo Ferreira Junior,92
Joao Pedro Rodrigues de Oliveira,92
Marivaldo Pinto Fraga Junior,92
Thiago Tallison Araujo Fernandes,91
Gabriel Reis Martins Daim,89.67
Luthiery Costa Cavalcante,89.67
Mailson Ribeiro Santos,89.67
Gabriel Souza Braga,89.5
Orlando Vicente de Oliveira Filho,88
Uisleandro Costa dos Santos,88
Danilo Ferreira Neves,87.5
Kamila Vieira da Silva Almeida,87.5
Tallys Augusto Goncalves Cordeiro,87.5
Alexandre de Jesus Oliveira,87.17
Caio Victor Sampaio Mota Santos,87.17
Felipe Rosa,87.17
Glaucio de Oliveira Almeida,87.17
Rodrigo Cruz de Oliveira,87.17
Thiago Hortencio Silva de Melo,87.17
Cleodir dos Santos Barros,86.67
Deywerson da Silva Pereira,86.67
Franklin de Jesus Santos,86.67
Guilherme Miranda da Silva,86.67
Hernandes Erick de Sousa Rodrigues,86.67
Jhonatam de Souza Medina,86.67
Marcelo Antonio Alves Alencar,86.67
Maria Eulalia Marques Gomes dos Reis Aires,86.67
Sergio Pereira de Oliveira Junior,86.67
Alexandre Abreu da Silva,85
Henrique Santos Gaspar Ribeiro,85
Marcelo de Castro Pereira,85
Willingmax de Araujo Apolinario,85
Mateus Ramos Pimentel Silva,84.5
Maicon Mauricio Goncalves da Silva,84
Vinicius Venancio Silva,83.5
Carlos Alberto Kochhann dos Santos,83
Edvan Joaquim Soares Junior,83
Leonardo Medeiros,83
Vinicius Soares de Paula Souza,83
Dionicio Angel Vasquez Rosales,82.67
Francisco Jose dos Santos Reis,82.5
Joao Carlos Elias Dias,82.5
Jose Victor Bernardino da Trindade,82.5
Kleidson Alves Corea,82.5
Thiago Machado Coelho,82.5
Denis Ruiter dos Santos Severo,82.17
Iuri Cabral Pava,82.17
Joao Paulo dos Santos Costa,82.17
Marcus Vinicius Duarte da Silva Brandao,82.17
Samuel de Souza Ferraz,82.17
Thiago Vasconcelos Braga,82.17
Gabriel Oliveira dos Santos,82
Diego Rodrigues Ferreira,81.83
Helder Silva Lopes Moraes,81.83
Joao Eduardo de Lima Silva,81.83
Bruno Oliveira de Melo,81.5
Silas de Souza Silva,81.5
Gustavo da Silva Pereira,80.5
Davi Carlos da Silva,80.17
Maxwell Rodrigues Gomes,80
Ricardo Eraldo de Santana,79.67
Mateus Felipe Alves Rosas do Nascimento,79.5
Danilo Vieira Rocha,79.17
Gabriel Fonte Pereira,79.17
Pedro Henrique da Silva Lima,79.17
Francisco Jose Silveira Correa,79
Osnir Jose de Melo Basilio,79
Yuri Tadeu de Souza Carvalho,78.67
Everton Gadea Prazeres,78
Hercules da Silva Souza,78
Lucas Cordeiro Lobato,78
Allan Santos de Freitas,77.5
Hevanderson da Silva Maria,77.5
Jamerson da Silva,77.5
Joao Victor de Oliveira Matos,77.5
Paulo Marcio Soares Junior,77.5
Claudenir de Oliveira Maia,77.17
Juliana Souza de Melo,77.17
Misael Falcao Luz de Souza,77.17
Edvan Mamona Cunha,77
Jamisson Santana de Freitas,76
Bruno Henrique Sousa Duarte,75.5
Erica Xavier,75.5
Guilherme Moreira Felix,75.5
Cesar Augusto Cardoso,75
Tiago Andre Silva Lima Lopes,74.83
Ailton da Silva Cordeiro,74.67
Vitor Oliveira dos Santos,74.67
Aglailson Cleber Barreto da Silva,74.17
Arthur Rogado Reis,74.17
Victor Barcellos,74.17
William Thales Edipo de Souza Pereira,74.17
Eduardo Dionisio Gamarra,73.83
Paulo Henrique Gomes da Silva,73.17
Marcilio Batista Rocha,73
Talyson Rodrigues de Mello,73
Marilia Aline Correia Santiago,72.5
Marcos Laerte Gomes de Lima,72.33
Daniel Teodolino Barbosa Torres,71.83
Marcio Trindade de Oliveira Boucas,71.83
Bruno Cipriano Minhaqui da Silva,71.67
Marcos Narciso Lopes,71.67
Henrique de Oliveira Boiteux,71.5
Alessandro Damiani Mota,71.17
Emanuel Felipe Castro dos Santos,71
Joacy Mesquita da Silva,70.67
Alessandro Rogerio Anunciacao Araujo,70
Daniel Henrique Lopes Fraga,70
Filipe de Jesus Lobato,70
Francisco Armando Avelino de Oliveira,70
Hellimateas Barros Chaves,70
Joao Pedro Moreira Moraes,70
Leno Grazianny Fragoso de Moraes,70
Misael Pedro Conceicao Alves,70
Pedro Paulo Furtado Oliveira Junior,70
Reinaldo de Carvalho Silva,70
Robson Andrade da Silva,70
Tony Gelsy Sampaio,70
Rafael Henrico de Sousa,69.67
Ramon Jose de Sousa Araujo,69.67
Diogo Oliveira dos Santos,69.17
Felipe Luiz da Silva Brandao,69.17
Jonathan Trancozo da Silva,69
Julio Cesar Goncalves Sales,68.83
David Goncalves Gervasio,68.5
Jose Vinicius Protano Silva,68.5
Emerson Santana de Jesus,68
Mateus Silva Vasconcelos,67.67
Matheus Thiago Marques Barbosa,67.33
Eder de Sousa Gomes,66.33
Elinavilmo de Morgado Santos,66.17
Wendel Sousa de Anchieta,66
Lucas Maciel Lima,65.83
Renato Gabriel Ferreira,65.67
Carlos Daniel Barros Pereira,65.5
Marley Adriano de Souza Silva,65.5
Iuri Queiroz Cavalcante,65.33
Gabriel de Amorim Maia,65.17
Caroline Vitoria Valerio dos Santos,64.67
Felipe Avelino Pantoja Rego,64.67
Filipe Antonio dos Santos Viegas Ribeiro,64.67
Luis Bernardo Souza Braga,64.67
Joao Antonio Freitas Furquim,64.17
Patric de Oliveira Freitas,64.17
Vinicius Nascimento Sampaio,64
Rafael Sampaio Pereira,63.83
Ewerton Ribeiro de Souza,63.67
Anderson do Nascimento Silva,63.5
Lincoln Silveira dos Santos,62.67
Douglas Fernandes Brito de Faria,62
Joao Pedro dos Santos Soares Pedroso,62
Juliano de Souza Novacki,61.67
Giovana Vitor Dionisio Santana,61.5
Danilo Paixao de Jesus,61.17
Mailson Lima Garcia,60.83
Osmar Felipe Goncalves Costa,60.83
Alessandra Ferreira dos Santos,60.67
Francisco Anderson Rodrigues de Sousa,60
Joao Paulo Farias,60
Leonardo Evangelista de Araujo,60
Ubiracy dos Santos Rego Junior,60
Igor Ramos Campos,59.33
Andre Telles Guimaraes Silveira,59.17
Maria Clara Rodrigues Simao,58.83
Emerson Alves Pereira,58.67
Gustavo Lopes Rodrigues,58.5
Rafael Bambirra Pereira,58.33
Carlos Henrique Ramos Carvalho,58
Luiz Claudio Moura Moraes,57.83
Vinicius Cesar Vianna,57.83
Edgard da Cunha Pontes,57.67
Denis Taironi Leorne da Cunha,57.33
Kelves Lopes de Bulhoes,56.83
Daniele Souza de Araujo,56.67
Guilherme Pereira da Rosa Santos,56.67
Paulo Henrique de Oliveira Silva,56.67
Joao Flavio Cardoso Pinheiro,56.5
Jivago Rodrigues Silva,55.83
Edmilson Veloso Borges,55.5
Italo Ramos Pinto da Conceicao,55.5
Marcelo Araujo Batista,55.5
Renan de Freitas Leite,55.5
Walker Felipe Rodrigues de Jesus,55.5
Daniel Junio Lemos Ferreira,55
Gabriel Albernaz Campos de Freitas,54.83
Gustavo Henrique Sousa Moreira,54.67
Eugenio Rocha da Silva Junior,54
Leandro Silva Ferreira,54
Nelson Gutembegr Rocha da Silva,53.67
Rafael Henrique Nogalha de Lima,53.17
Alex Ferreira dos Santos,52.5
Gabriel Augusto Martins Rodrigues,52.5
Guilherme Matos Barbosa,52.5
Weber Marques de Oliveira,52.5
Wilson Luiz da Silva Farias,52.5
Roger Vinicius da Silva Costa,52.33
Argemiro Geraldo Neto,52.17
Raphael Coelho Brasileiro da Silva,52.17
Jean Leles da Silva,52
Jeferson Afonso do Patrocinio,52
Emanuele Beserra Brandao Lopes,51.83
Felipe Cavalcante Mattos Carvalho,51.33
Iva de Meneses Sousa,51.33
Wanderpaulo Lazaro da Silva Santos,51.33
Savio Evaristo de Souza Santos,51
Pedro Ricardo Vasques Pereira,50.5
Wescley Ribeiro Lemos Silva,50.5
Guilherme de Oliveira Amorim,49.67
Luis Henrique Nascimento Muniz,49.67
Wanessa Priscila da Silva Souza,48.67
Barbara dos Santos Ferreira,48
Fabio Jordao de Oliveira Pegado,48
Fernando Augusto da Silva,48
Herminio dos Santos Junior,48
Flavio Lourenco de Farias,47.83
Gabriel de Sena Guerra,47.83
Jhonisson Gabriel Cunha Souza de Sa,47.83
Laerte Souza Costa Neto,47.67
Bruno Caldas dos Santos Teodoro,47.5
Eric Luiz Rodrigues de Franca,47.5
Gustavo Delbon Soza,47.5
Jeanne Fernanda Mendes,47.5
Matheus Eduardo Rodrigues da Silva,47.5
Isabela Carolina Ribeiro Santos,47.17
Joabe Alexandre Leite,47
Gabriel de Paula Valentim,46
Wesley Patricio Chagas de Castro,46
Joao Marcos Amaral Almeida,45.83
Miguel Lima Lopes de Oliveira,45.5
Adriana Silva Santana,45.17
Adamor Henner Silva Candido,45
David Chalegre Soares,45
Jetterson Lucas Medeiros da Silva,45
Joao Vitor Angelo Pereira,45
Jose Henrique do Nascimento de Sousa,45
Marcio Nunes de Souza,45
Oziel Lopes da Costa,45
Victor Augusto Rodrigues de Oliveira,45
Vinicio Sales dos Santos Santana,45
Rodrigo Guimaraes de Azevedo,44.67
Matheus Alves Almeida,43.5
Eber Lucas Cerqueira Elias,43.33
Julio Cesar Tadeu dos Santos da Silva,43.33
Matheus Clemente Carvalho de Azevedo,43.33
Gleydson Alves de Brito,43
Ian Sandes Alves,43
Igor Augusto Tadeu de Souza,43
Juscelino Barbosa da Silva Neto,43
Joao Pedro Lourenco Affonso,42.83
Wendel David Lobato Bueres,42.83
Alexandre Fabio de Lima e Silva Sales,42.67
Madson Luiz Magno da Silva,42.67
Afonso Henrique Oliveira,42.5
Altair Antonio Juliao de Jesus,42.5
Ayllah Ahmad Lopes,42.5
Breno Ribeiro Correa,42.5
Enise Cunha Resende,42.5
Matheus Henrique da Silva Santos,42.5
Sandy Andrade Faro,42.5
Alexandre Jose Ferreira,41.5
Paulo de Tarso Rodrigues dos Santos,41.33
Luis Eduardo Alkmin La Torre,40.5
Paulo Henrique Nascimento de Souza,40.5
Thiago Henrique Santos,40.5
Marcelo Moreno Costa,40
Renato Silva Moura,40
Viviane Nunes Evangelista dos Santos,40
Wellerson Clayton Braga Lisboa Reis,40
Andressa Fernandes Fagundes Duarte,39.5
Alexandre Fernandes Lopes,39.17
Arnaldo Sales de Lima Filho,39
Douglas Machado Borges,38.67
Joao Carlos Soares da Silva,38.67
Andre Dias Vieira da Silva,38.5
Juliana Maria Oliveira dos Santos,38.33
Diego Tasso de Oliveira Lima,38.17
Aicha Abibatou Souza Gueye,38
Gabriel Brito Melandes,38
Adilson Souza Marques,37.5
Alex Franco Oliveira,37.5
Amauri Cunha Soares,37.5
Carlos Augusto Gomes da Silva,37.5
Edgar do Nascimento,37.5
Karen Silva Oliveira,37.5
Leandro Rogerio Nobre Machado,37.5
Leonardo Batista de Miranda,37.5
Lucas Gabriel Melo Nunes,37.5
Luiz Henrique dos Anjos Santos,37.5
Mairon de Araujo Belchior,37.5
Rodrigo Gemaque de Almeida,37.5
Rogerio Nunes Silva,37.5
Syanne Karoline Moreira Tavares,37.5
Thaigo Moreira de Freitas,37.5
Tiago Cesario Barbosa,37.5
Wesley Rodrigues de Oliveira,37.5
Luiz Henrique Oliveira Basilio de Lima,37.17
Heber Pilar da Silva Assis,36.67
Leonardo Souza Santos,36.5
Danthy Anderson Macedo Vasconcelos,35.83
Sara Cristina Santos,35.5
Isaac de Souza Carlos do Nascimento,35.33
Wallison Junior Sousa da Silva,35.33
Otalino Geraldino Soares Junior,35
Raphael da Silva Santiago,35
Marcos Sikora de Araujo,34.67
Izabela Bastos Noe,34.5
Jacqueline Karla Alves da Silva,33.5
Camila de Oliveira Santos,33.33
Douglas Rodrigues Fideles,33.33
Augusto Cesar Freitas da Silva,33
Daniela Pereira de Barros,33
Izabella Maria de Oliveira,33
David Carlos Pereira da Cunha,32.5
Fagner do Espirito Santo Sa,32.5
Victor Alexandre Santos de Carvalho,32.5
Cesar Barbosa Graciano,32
Caio Cristhyan dos Santos Carvalho Silva,31.5
Romario Everton Gomes dos Santos,31.5
Janio Cesar da Silva e Silva,31.17
Igor Cardozo e Oliveira Santos,31
Jhonatan Caetano Arruda,31
Thayanna Klysnney Moreira Nunes,30.83
Natanael Santos Batista,30.67
Andre Luiz Guimaraes di Giaimo Moraes,30
Bruno Rodrigues Goncalves,30
Claudio Jose Rocha,30
Cleber Lopes de Sousa,30
Eden Ivo Bezerra,30
Evandir Alves Barboza,30
Fabiana da Silva Mendonca,30
Fabricio Luis Santos da Silva,30
Ivanei Ferreira Araujo,30
Jackson Silva Lopes,30
Joao Paulo Brandao Dantas,30
Jucelio Feitoza da Silva,30
Leonardo Belilo Messias,30
Luciana Aguiar Correa,30
Luciane Neves Beppler,30
Matheus Fernandes,30
Nathalia Coutinho Bernardino,30
Paulo Henrique de Jesus do Amparo,30
Rafael da Silva e Silva,30
Rafael Leal de Paula,30
Rafael Machado Ferreira,30
Rayllan Leitao dos Santos,30
Thaynan Andrey Lucena Santos,30
Victor Miguel Rocha,30
Willian Maltus de Souza Cardoso,30
Wilson Barros Videres de Albuquerque Neto,30
Italo Santana Barboza,29.33
Vinicius Rocha Monteiro,29
Luiz Fernando Rocha Silva,28.83
Daniel da Conceicao Marques,28.17
Joao Martins Barbosa,28
Matheus Cruz Andrade,28
Nelson Benevides dos Santos,27.83
Lidio Ribeiro dos Santos,27.5
Walter Goncalves de Assis,27.5
Gislene Aprigio de Souza,27
Sullivan de Souza Lima,26.83
Hannelore Sebba da Silva Serra,26.5
William dos Santos Moura,26.5
Isaac Almeida da Silva Filho,26.33
Leonardo Santiago Melgaco Silva,26.33
Carolina Franco da Silva de Oliveira,25.83
Adriano Adolfo da Silva,25.5
Claudio Roberto Celestino Junior,25.5
Henrique da Silva,25.5
Thassio Augusto da Silva Santos,25.5
Timoteo Dima Pereira,25.5
Jessica Dias da Silva,25
Lucas Freitas Silva,25
Hilton Wesley de Sousa Lacerda,24.83
Charles Carvalho,24.5
Felipe Monteiro Costa,24.5
Leonardo Guimaraes de Holanda,24.5
Roniele Nogueira de Oliveira,24.5
Walter Felipe dos Santos,24.5
Antonio Fabiano dos Santos Neri,24.33
Hemerson Chaves Lima,24
Joao Vitor Santa Brigida da Silva,24
Leandro Malheiros de Oliveira,24
Murilo das Dores Alves,24
Adriano Nogueira Ramos,23.5
Andre Vaz Braga,23.5
Davisson Hudson Chaves Bernadete,23.5
Matheus Henrique Ribeiro de Souza,23.5
Thiago Carvalho Sousa,23.5
Artur Henriques Chaves Bezerra,23.33
Marcelo Pereira de Carvalho,23
Antonio do Carmo Aroucha,22.83
Davi Costa Macana,22.67
Aline Maria Rezende Jaime,22.5
Allan Rodrigo dos Santos Araujo,22.5
Pablo Henrique Mendes Goncalves,22.5
Ronaldo Jose de Souza Silva,22.5
Wesley Antonio de Santana,22.5
Matheus Henrique da Silva Figueiredo,21.5
Priscila de Sousa Cunha,21.33
Debora Dalva do Nascimento,21
Herlisson Jordane Moreira,21
Hiana Ferreira Santos,21
Luam Leiverton Pereira dos Santos,21
Rodrigo de Oliveira Santos,21
Willy Chaves de Lira,20.5
Gustavo Henrique Xavier Lima,20
Everton Santos de Oliveira,19.5
Ailton Alves da Silva,18.83
Andrew Ericles Vieira da Conceicao,18.83
Matheus de Sousa Pinho,18.67
Natanael Cunha Freitas,18.67
Andre Luiz de Souza Lima Junior,18.5
Diego Nunes de Carvalho,18.5
Rafael Leonardo da Vinci Machado,18.5
Athos Bruno dos Santos Lins,18
Diego Viana dos Santos,18
Iann Oliveira Silva,18
Itamar Santos de Oliveira,18
Julianna Oliveira Rosa Vitorino de Souza,18
Luiz Fernando Costa da Silva,18
Pedro Calebe Moitinho Peixoto,18
Thiago Marques de Rezende Ribeiro,18
Jose Carlos de Jesus Maciel,17.83
Welisson Caetano da Silva Leano,17.83
Guilherme Martins,17.5
Isac Ferreira Celestino,17.5
Gabriel do Carmo Sousa,17.33
Icaro de Assis de Freitas,17.33
Ana Alice Agostinho Ribeiro da Costa,16.5
Cleydson Rodrigues da Silva de Macedo,16.5
Danilo Pinheiro Coelho,16.5
Edna Paula Alves de Oliveira,16.5
Fernando Lucas dos Santos Araujo,16.5
Jose Fernando Pereira,16.5
Samuel Vieira de Oliveira,16.5
Tasso Alves e Alves,16.5
Fernando dos Santos Oliveira,16
Francisco Antonio Lopes de Farias,16
Jose Luiz Barbosa de Oliveira Santos,16
Lorrayne Mara Costa da Silva,16
Thiago Diniz Tome de Lima,16
William Caetano de Souza,16
Alisson Viana Tome,15
Bruno Augusto da Conceicao de Souza,15
Cassiano Jose Tedeschi,15
Josiane de Lima,15
Weslley Sousa do Nascimento,15
Alexsandro de Sousa Silva,13.5
Anderson Soares de Souza,13.5
Andre Kley,13.5
Antonio dos Santos Nascimneto,13.5
Danilo Bruno Sampaio Conceicao Teixeira,13.5
Guilherme Diangelis Gomes,13.5
Jefferson Virote Laureano,13.5
Allan Michell Soares de Almeida,12.83
Eduardo Henrique de Barros,12.83
Donniel de Andrade Galdino,12.5
Gabriel Lopes Vieira,12.5
Juliana de Souza Bento da Silva,12.5
Karine Zanandreis Nolasco de Melo,12.5
Paulino Batista Reis Junior,12.5
Rafael Brenner Gomes Silva,12.5
Suzana Cescon de Souza,12.5
Jouber Gomes da Silva Santos,12
Thiago Limeira da Silva Ribeiro,12
Vitor Santos da Silva,12
Adam de Medeiros Lima,11.5
Mauro Jose Firmino,10.5
Osmar Neres Pereira Junior,10
Arlisson Jaques Batista,9.83
Lazaro Gabriel do Nascimento Alves,9.83
Anderson Carvalho dos Santos,9
Debora de Farias Fidelis,9
Emerson da Silva Borges,9
Francisco Janiel Gomes Rodrigues,9
Hyago Santana Mariano,9
Jefferson Almeida dos Santos,9
Jose Claudio Ferreira dos Santos,9
Jose Samuel Cavalcante de Souza,9
Jose Vanderli Goncalves Silva,9
Mario Rubens Barreto Rodrigues,9
Marivone Vieira Pereira de Araujo,9
Robson Alves Mendes,9
Silvestre Matheus Magalhaes da Cruz Neres,9
Anderson Rodrigues dos Santos,8
Gabriel Augusto Dias de Souza,7.83
Albert Santos Carvalho,7.5
Andre Silva de Oliveira,7.5
Enza Rafaela de Sampaio Ferreira,7.5
Felipe Rodolfo Pereira de Sa Leitao,7.5
Glaucio Cesar dos Santos Oliveira,7.5
Gleison Goncalves Jordao,7.5
Hefrayn Antero Barros Barbosa,7.5
Jean Carlos Macedo Silva,7.5
Joao Luis Mancy dos Santos,7.5
Leonardo da Silva Junior,7.5
Leonardo Teles de Almeida,7.5
Lucas Pereira Silva,7.5
Priscila Cathlen Alves Sa,7.5
Rafael Klebson dos Santos Melo,7.5
Ricardo Luiz Brito da Silva,7.5
Rogerio Jose Ribeiro,7.5
Sergio Murillo dos Santos Dias,7.5
Wallace Pacheco Pereira,7.5
Welington Zanelatto,7.5
Wender Rodrigo Souza Silva,7.5
Heitor de Lima Antunes,7
Marcio Gonzaga do Nascimento,7
Pierry Rodrigues da Silveira,7
Rafael Nunes de Sa Santos,7
Paulo Rogerio dos Santos,6
Andrea Aparecida Prazeres,5.33
Grasiele da Silva Cirilo,5.33
Natalia Ribeiro Silva,5.33
Alexandre Jose Barros Machado,5
Ananery dos Santos Silva,5
Andre Rodrigues dos Santos,5
Bruno Henrique Costa Santos,5
Givaldo Manoel Marques dos Santos,5
Isaque Kaio de Araujo Rodrigues,5
Luiz Fernando Goncalves Filho,5
Adilson da Silva Santana,4.5
Agatha Lima de Melo,4.5
Ana Claudia Almeida,4.5
Caio Lucas Estevam Martins,4.5
Darlan Almeida Barroso,4.5
Elizia Januario da Silva,4.5
Elton da Silva Freitas,4.5
Gilbert Campos Vilalva da Silva,4.5
Luiz Marcelo Carvalho de Azevedo,4.5
Thiago Monteiro Barbosa,4.5
Alan Barbosa Ribeiro,2.5
Aline de Oliveira Machado,2.5
Cleonildo Nunes de Macedo,2.5
Diego Alex Magalhaes Lima,2.5
Diego Ferreira Duarte,2.5
Gabriel Bento Gomes,2.5
Josue Ivan Gomes da Silva,2.5
Leandro Pantoja Paranhos,2.5
Mariana Aparecida da Silva dos Santos,2.5
Matheus Vinicius de Oliveira Leite Gazzani,2.5
Rigo Kaluwa Munkamba,2.5
Rodrigo Martins Silveira,2.5
Adilma Barbosa da Silva Brito,0
Allan de Alencar Ramos,0
Ana Paula Gomes da Silva,0
Anderson Franciel de Castro,0
Andre Camargo Brandao,0
Andre Gustavo de Souza Prado,0
Andre Luis de Souza Santos,0
Andre Luiz da Silva Xavier,0
Aretha Marques da Silva Martins,0
Argentina Augusto Caetano Fernandes,0
Bruno Leonardo de Almeida Costa,0
Bruno Osinaldo Victor da Silva,0
Carlos Washington Macedo de Queiros,0
Clarice Santos da Silva,0
Clemilson Ribeiro da Silva,0
Davi Rodrigues dos Santos,0
Diogo da Silva Amarante,0
Douglas Alexandre Marques de Oliveira,0
Edineusa Sousa Brito,0
Eliseu Gomes Camizao,0
Evelyn dos Santos Silva,0
Fabiana Martins Franco,0
Fabio dos Santos,0
Fabio Felix Gonzaga,0
Fabricio Deuzeman Pereira de Souza,0
Fernando Gabriel Nascimento,0
Fernando Silva Costa,0
Flavio Jesus dos Santos,0
Gabriel Vinicius Montinegro do Santos,0
Gabriele de Kassia Alves Pereira,0
Gediane Valerio das Chagas,0
Gerson da Costa Batista,0
Gilson Marcio da Silva,0
Guilherme Antonio Barroso Parente,0
Gustavo Gabriel Carvalho,0
Henrique Tavares Gomes,0
Igor Henrique Rufino Alves,0
Iris Alvarez da Silva,0
Izadora Quintanilha Oliveira,0
Joaldo dos Santos Barbosa,0
Joao Batista Lopes Lima,0
Jonas Regly dos Santos Silva,0
Jorge Luiz Gomes Batista,0
Jose Irlan de Lira e Silva,0
Jose Robson dos Santos Braga,0
Juliana Conceicao Santos,0
Juliano Garcia de Oliveira,0
Kleber Carmona Gomes da Silva,0
Leonidas Viana Laranjeira Junior,0
Liliane Passos dos Santos,0
Lucas Rodrigues da Costa,0
Luciano Bruno Gomes de Medeiros,0
Maiko Ademir Nunes,0
Marco Aurelio Cavalcante Azevedo,0
Marcos Paulo Cardoso da Annunciacao,0
Marcos Wesley dos Santos Nunes,0
Marcus Vinicius Mendes Calassara,0
Maria Tereza Dourado Melo,0
Mariangela Tavares dos Anjos Santos,0
Marta Nascimento Leko Doba,0
Rafael Cezario Coelho Mateus,0
Rafael da Silva Cordeiro,0
Rayane Climaco dos Santos,0
Renato Augusto de Assis Silva,0
Roberto Cruz da Silva,0
Rodrigo Alessandro Favato de Souza,0
Rodrigo da Silva Monteiro,0
Rodrigo Ferreira Lima,0
Sayomara Linne de Monte Christo,0
Thassia Regina Alves Barroso de Sa,0
Thatiane Santos Monteiro Fernandes,0
Thereza Maria da Conceicao Lima Bindi,0
Thiago Henrique de Farias Belchior,0
Thomas Antonio Silva Fioreze,0
Vaessa Zeni da Silva,0
Wilian Batista dos Santos,0